{"_type":"export","__export_format":4,"__export_date":"2020-01-19T04:05:12.735Z","__export_source":"insomnia.desktop.app:v7.0.6","resources":[{"_id":"req_9fabed76fa974e708add42f2f7b4ad79","authentication":{},"body":{},"created":1579406486293,"description":"","headers":[],"isPrivate":false,"metaSortKey":-1579406486294,"method":"GET","modified":1579406509839,"name":"/","parameters":[],"parentId":"fld_6ef1d55ac89349d2974413fc9aa71292","settingDisableRenderRequestBody":false,"settingEncodeUrl":true,"settingFollowRedirects":"global","settingRebuildPath":true,"settingSendCookies":true,"settingStoreCookies":true,"url":"{{ baseURL  }}/tweets","_type":"request"},{"_id":"fld_6ef1d55ac89349d2974413fc9aa71292","created":1579406482691,"description":"","environment":{},"environmentPropertyOrder":null,"metaSortKey":-1579406482792,"modified":1579406658475,"name":"/tweets","parentId":"wrk_3251aa2b951941cf9d74ce830eaf1c76","_type":"request_group"},{"_id":"wrk_3251aa2b951941cf9d74ce830eaf1c76","created":1579406466065,"description":"","modified":1579406466065,"name":"OmniStack5","parentId":null,"_type":"workspace"},{"_id":"req_2874dfedc65147d58dd500e1e520bad7","authentication":{},"body":{"mimeType":"application/json","text":"{\n\t\"author\": \"Douglas\",\n\t\"content\": \"Olá OmniStack 5.0!\"\n}"},"created":1579406522761,"description":"","headers":[{"id":"pair_a9c8145536314936ab7fb4d955c38524","name":"Content-Type","value":"application/json"}],"isPrivate":false,"metaSortKey":-1579212738042,"method":"POST","modified":1579406579129,"name":"/","parameters":[],"parentId":"fld_6ef1d55ac89349d2974413fc9aa71292","settingDisableRenderRequestBody":false,"settingEncodeUrl":true,"settingFollowRedirects":"global","settingRebuildPath":true,"settingSendCookies":true,"settingStoreCookies":true,"url":"{{ baseURL  }}/tweets","_type":"request"},{"_id":"req_66319ef1aea249ad86f343c7ad21b68a","authentication":{},"body":{},"created":1579406663125,"description":"","headers":[],"isPrivate":false,"metaSortKey":-1579406663125,"method":"POST","modified":1579406680470,"name":"/","parameters":[],"parentId":"fld_97bc26bd67024bb49e8c7d6331225d05","settingDisableRenderRequestBody":false,"settingEncodeUrl":true,"settingFollowRedirects":"global","settingRebuildPath":true,"settingSendCookies":true,"settingStoreCookies":true,"url":"{{ baseURL  }}/likes/5e23cb91117bad07784e4a4f","_type":"request"},{"_id":"fld_97bc26bd67024bb49e8c7d6331225d05","created":1579406642322,"description":"","environment":{},"environmentPropertyOrder":null,"metaSortKey":-1579406482742,"modified":1579406656669,"name":"/likes","parentId":"wrk_3251aa2b951941cf9d74ce830eaf1c76","_type":"request_group"},{"_id":"env_9c8a999812cd461954d59d2c34252eb49f9a297a","color":null,"created":1579406466741,"data":{"baseURL":"http://localhost:3333"},"dataPropertyOrder":{"&":["baseURL"]},"isPrivate":false,"metaSortKey":1579406466741,"modified":1579406504243,"name":"Base Environment","parentId":"wrk_3251aa2b951941cf9d74ce830eaf1c76","_type":"environment"},{"_id":"jar_9c8a999812cd461954d59d2c34252eb49f9a297a","cookies":[],"created":1579406466789,"modified":1579406466789,"name":"Default Jar","parentId":"wrk_3251aa2b951941cf9d74ce830eaf1c76","_type":"cookie_jar"}]}